oldid,city,country,latitude,longitude,name,store_id
4151,Scottsdale,US,33.7811393737793,-111.92253112792969,Safeway - Scottsdale #1849,6453
4281,Phoenix,US,33.640506744384766,-112.13350677490234,Safeway - Phoenix #240,6601
4317,Gilbert,US,33.348575592041016,-111.72010040283203,Bashas - Gilbert/Higley Rd #172,6643
4318,Chandler,US,33.31983184814453,-111.89142608642578,"Ray Road & Loop 101, Chandler",6644
4326,Goodyear,US,33.46532440185547,-112.34165954589844,"Dysart & McDowell, Goodyear",6655
4407,Scottsdale,US,33.538116455078125,-111.88631439208984,"Indian Bend & Loop 101, Scottsdale",6770
4436,Mesa,US,33.3806266784668,-111.60076904296875,"Signal Butte & Hwy 60, Mesa",6811
4447,Peoria,US,33.72330093383789,-112.26100158691406,Safeway - Peoria #2799,6824
4478,Glendale,US,33.612022399902344,-112.18473052978516,Safeway - Glendale #1636,6864
4517,Mesa,US,33.36315155029297,-111.8598403930664,Safeway - Mesa #247,6912
4580,Surprise,US,33.60958480834961,-112.39167022705078,Bashas - Surprise #137,6996
4612,Phoenix,US,33.611087799072266,-111.9946517944336,Fry's #121 Phoenix,7035
4791,Phoenix,US,33.42136764526367,-112.27061462402344,Target Phoenix SW T-2149,7256
4805,Phoenix,US,33.46617889404297,-112.0672378540039,Safeway - Phoenix #2651,7277
4832,Phoenix,US,33.44950866699219,-112.07111358642578,Phoenix Convention Center,7305
4855,Phoenix,US,33.51824188232422,-112.06463623046875,"5557 N. 7th Street, Phoenix",7333
4879,Phoenix,US,33.46603775024414,-112.22130584716797,"75th Ave. & McDowell, Phoenix",7372
5011,Phoenix,US,33.47930145263672,-111.98756408691406,"44th St. & Thomas, Phoenix",7540
5067,Surprise,US,33.63987731933594,-112.39511108398438,Fry's #61 Surprise,7617
5101,Glendale,US,33.66960906982422,-112.18846130371094,"Fry's-Glendale, AZ #60",7660
5209,Mesa,US,33.45094680786133,-111.70281982421875,Frys - Mesa #23,7777
5318,Mesa,US,33.38405990600586,-111.73696899414062,"Greenfield & Inverness, Mesa",7905
5338,Phoenix,US,33.306854248046875,-112.05375671386719,Safeway - Phoenix #1980,7926
5385,Phoenix,US,33.61048889160156,-112.0146713256836,Safeway - Phoenix #1202,7988
5386,Tempe,US,33.45093536376953,-111.9267578125,"Scottsdale & McKellips, Tempe",7991
5439,Phoenix,US,33.48033142089844,-112.07878112792969,St Joseph Hospital,8062
5589,Chandler,US,33.321754455566406,-111.82260131835938,Safeway-Chandler #1605,8236
5693,Tempe,US,33.39381790161133,-111.90863037109375,"McClintock & Southern, Tempe",8363
5694,Laveen,US,33.377933502197266,-112.17082977294922,"Baseline & 51st. Avenue, Laveen",8364
5847,Phoenix,US,33.47874069213867,-112.25462341308594,"91st. Avenue & Thomas, Phoenix",8541
5849,Glendale,US,33.6104621887207,-112.16136169433594,ASU West Campus - Fletcher Library,8543
5952,Scottsdale,US,33.52627182006836,-111.92464447021484,Hilton Village,8669
5953,Scottsdale,US,33.53928756713867,-111.9250717163086,Scottsdale & Indian Bend,8671
5958,Tempe,US,33.38097381591797,-111.96451568603516,Arizona Mills,8676
5969,Mesa,US,33.38077926635742,-111.75342559814453,"Val Vista & Baseline, Mesa",8694
5996,Phoenix,US,33.626686096191406,-111.9957504272461,"40th Street & Greenway, Phoenix",8731
6105,Phoenix,US,33.75772476196289,-111.99150085449219,Safeway-Phoenix #1543,8877
6106,Scottsdale,US,33.62422180175781,-111.94164276123047,Safeway-Scottsdale #1750,8879
6327,Phoenix,US,33.508758544921875,-112.04582977294922,16th Street & Camelback,9170
6369,Scottsdale,US,33.621368408203125,-111.87374877929688,Frank Lloyd Wright & Thompson Peak,9229
6408,Scottsdale,US,33.51044464111328,-111.91041564941406,Safeway-Phoenix #1491,9279
6409,Phoenix,US,33.655521392822266,-111.92927551269531,"Scottsdale & Loop 101, Scottsdale",9280
6416,Surprise,US,33.655094146728516,-112.37320709228516,Safeway-Sun City West #1520,9287
6418,Chandler,US,33.3173828125,-111.96822357177734,"54th St. & Ray Rd., Chandler",9289
6425,Phoenix,US,33.4952507019043,-111.98829650878906,44th Street & Indian School,9298
6431,Phoenix,US,33.6529541015625,-112.02972412109375,Albertsons-Phoenix #985,9305
6437,Phoenix,US,33.606807708740234,-112.06546020507812,7th Street & Thunderbird,9317
6487,Glendale,US,33.59730529785156,-112.1673583984375,Albertsons-Glendale #941,9390
6531,Surprise,US,33.637516021728516,-112.4253158569336,Safeway-Surprise #1997,9443
6532,Mesa,US,33.42398452758789,-111.77217864990234,Safeway - Mesa #1567,9444
6533,Mesa,US,33.45513916015625,-111.6839370727539,Safeway-Mesa #2644,9445
6575,Phoenix,US,33.676239013671875,-111.97822570800781,"Tatum & Rose Garden, Phoenix",9496
6591,Mesa,US,33.39483642578125,-111.75231170654297,Safeway - Mesa #1637,9515
6592,Phoenix,US,33.4788818359375,-111.98430633544922,Target Phoenix T-950,9516
6646,Gilbert,US,33.377933502197266,-111.72358703613281,Safeway - Gilbert #1748,9576
6670,Phoenix,US,33.50802230834961,-112.27562713623047,"99th Avenue & Camelback, Phoenix",9605
6752,Scottsdale,US,33.62569808959961,-111.97593688964844,Safeway - Scottsdale #2088,9706
6767,Surprise,US,33.61056137084961,-112.35746002197266,Safeway-Surprise #2699,9726
6812,Phoenix,US,33.475704193115234,-112.21858978271484,Target Phoenix T-851,9783
6819,Phoenix,US,33.37866973876953,-112.03068542480469,"24th St & Baseline, Phoenix",9790
6915,Tolleson,US,33.42263412475586,-112.27194213867188,99th Ave & Lower Buckeye,9937
6920,Surprise,US,33.63904571533203,-112.39083862304688,"Bell & Brookside, Surprise",9946
6940,Phoenix,US,33.600250244140625,-111.9893569946289,Target Paradise Vall Phoenix  T-233,9970
7137,Mesa,US,33.39402389526367,-111.75418090820312,"Val Vista & Southern, Mesa",10207
7256,Phoenix,US,33.39049530029297,-112.04914093017578,Safeway-Phoenix #1591,10361
7258,Sun City West,US,33.655025482177734,-112.35002899169922,Safeway - Sun City West #2054,10362
7262,Tempe,US,33.429603576660156,-111.90523529052734,Target Tempe NE T-2176,10366
7342,Queen Creek,US,33.277801513671875,-111.67559814453125,Super Target Queen Creek ST-2365,10467
7420,Peoria,US,33.7076530456543,-112.27323150634766,Lake Pleasant & Happy Valley,10578
7447,Laveen,US,33.37629699707031,-112.16630554199219,Safeway - Phoenix #2709,10612
7466,Mesa,US,33.450897216796875,-111.7348861694336,"Greenfield & McKellips, Mesa",10638
7483,Phoenix,US,33.553916931152344,-112.13213348388672,Safeway - Phoenix #257,10660
7494,Goodyear,US,33.45893859863281,-112.39546203613281,SuperTarget Goodyear West ST-2400,10672
7552,Phoenix,US,33.63876724243164,-112.29199981689453,Safeway-Phoenix #236,10731
7574,Mesa,US,33.4090576171875,-111.68511962890625,"Power & Broadway, Mesa",10759
7575,Phoenix,US,33.378971099853516,-112.10176849365234,"19th Ave. & Baseline, Phoenix",10760
7585,Phoenix,US,33.453529357910156,-112.0727310180664,Aramark - ASU Taylor Place,10771
7586,Scottsdale,US,33.53519058227539,-111.96411895751953,Camelback Inn-Scottsdale,10772
7695,Phoenix,US,33.48005676269531,-112.0133056640625,"32nd St. & Thomas, Phoenix",10896
7698,Scottsdale,US,33.58240509033203,-111.92800903320312,"71st St. & Shea, Scottsdale",10899
7733,Glendale,US,33.63920593261719,-112.15318298339844,Fry's - Glendale #625,10937
7738,Surprise,US,33.62245559692383,-112.42691040039062,Fry's #680 Surprise,10942
7770,Gilbert,US,33.33440017700195,-111.74639892578125,Macy's - San Tan Village,10984
7855,Chandler,US,33.34834671020508,-111.85853576660156,"Alma School & Elliot Rd, Chandler",11086
7926,Phoenix,US,33.610477447509766,-112.14750671386719,"43rd Avenue & Thunderbird, Phoenix",11189
8033,Phoenix,US,33.6415901184082,-112.06708526611328,Safeway-Phoenix #413,11332
8047,Gilbert,US,33.34889221191406,-111.75680541992188,Safeway-Gilbert #1534,11359
8054,Mesa,US,33.39201736450195,-111.8647232055664,Target Mesa T-1429,11367
8060,Fountain Hills,US,33.60966873168945,-111.72832489013672,Safeway - Fountain Hills #1291,11373
8135,Mesa,US,33.46708297729492,-111.68452453613281,"Power & McDowell, Mesa",11484
8156,Glendale,US,33.65203857421875,-112.2335205078125,101 Freeway & Union Hills Drive,11511
8195,Tempe,US,33.425628662109375,-111.94014739990234,Mill Ave and 5th Street,11573
8324,Glendale,US,33.61116409301758,-112.18527221679688,59th Avenue & Thunderbird,11752
8328,Glendale,US,33.671722412109375,-112.20240783691406,67th Avenue & Beardsley,11756
8335,Scottsdale,US,33.58682632446289,-111.83772277832031,Safeway-Scottsdale #1126,11763
8339,Mesa,US,33.3813362121582,-111.78714752197266,Baseline & Gilbert,11769
8341,Phoenix,US,33.583412170410156,-111.97647094726562,Tatum & Shea,11771
8381,Gilbert,US,33.33449935913086,-111.75830078125,"Val Vista & Warner, Gilbert",11823
8392,Tempe,US,33.42213439941406,-111.93416595458984,Aramark ASU Palo Verde East,11842
8393,Scottsdale,US,33.62668991088867,-111.88883972167969,Target North Scottsdale T-936,11843
8493,Scottsdale,US,33.580711364746094,-111.88185119628906,92nd Street & Shea,11989
8612,Phoenix,US,33.61018753051758,-111.97734069824219,Tatum & Thunderbird,12155
8648,Scottsdale,US,33.61958694458008,-111.87529754638672,Safeway-Scottsdale #1549,12200
8656,Gilbert,US,33.27862548828125,-111.78578186035156,Super Target Gilbert ST-1960,12213
8660,Phoenix,US,33.67864990234375,-111.9749526977539,Albertsons-Phoenix #1025,12219
8812,Phoenix,US,33.62398910522461,-111.92639923095703,"Scottsdale & Kierland, Phoenix",12430
8817,Tempe,US,33.34831619262695,-111.91310119628906,Safeway-Tempe #1535,12439
8840,Scottsdale,US,33.77996826171875,-111.92312622070312,Scottsdale & Ashler Hills,12463
8844,Phoenix,US,33.63898849487305,-112.07042694091797,"3rd Street & Bell Rd, Phoenix",12468
9030,Chandler,US,33.33548355102539,-111.87779235839844,"Dobson & Warner, Chandler",12696
9074,Glendale,US,33.66865539550781,-112.2027359008789,Safeway-Glendale #1510,12750
9102,Sun City,US,33.637847900390625,-112.27669525146484,"99th Ave. & Bell, Sun City",12782
9179,Mesa,US,33.37740707397461,-111.63555145263672,"Ellsworth & Baseline, Mesa",12882
9208,Gilbert,US,33.265357971191406,-111.6876449584961,Albertsons-Gilbert AZ #929,12930
9237,Tempe,US,33.418235778808594,-111.93185424804688,Aramark ASU Business College,12981
9295,Tempe,US,33.40894317626953,-111.92510223388672,Safeway-Tempe #1487,13084
9360,Phoenix,US,33.43592834472656,-112.00885772705078,PHX-T3 North,13205
9423,Phoenix,US,33.466224670410156,-112.06565856933594,7th Street & McDowell,13327
9436,Phoenix,US,33.66670227050781,-112.12433624267578,Loop 101 & Beardsley,13344
9469,Tempe,US,33.36458206176758,-111.92973327636719,Albertsons-Tempe AZ #940,13399
9492,Tempe,US,33.44215774536133,-111.9555892944336,"Priest & Washington, Tempe",13429
9513,Chandler,US,33.29990005493164,-111.89900207519531,"Chandler & Price Road, Phoenix",13453
9517,Scottsdale,US,33.67567443847656,-111.88818359375,Safeway-Scottsdale #1663,13458
9779,Tempe,US,33.34956359863281,-111.96466064453125,"Elliot & Priest, Tempe",13795
9829,Scottsdale,US,33.70004653930664,-111.92317199707031,Safeway-Scottsdale #1253,13854
9830,Goodyear,US,33.451507568359375,-112.39405822753906,Safeway-Goodyear #2618,13855
9838,Glendale,US,33.65248489379883,-112.1856918334961,59th Avenue & Union Hills,13864
9839,Avondale,US,33.464935302734375,-112.27619934082031,McDowell & 99th Avenue,13865
9849,Phoenix,US,33.53921890258789,-112.06239318847656,Safeway-Phoenix #1515,13877
9878,Scottsdale,US,33.47991180419922,-111.92577362060547,"Scottsdale & Thomas, Scottsdale",13919
9879,Phoenix,US,33.304412841796875,-111.98359680175781,46th Street & Chandler,13920
9912,Mesa,US,33.377540588378906,-111.63796997070312,Safeway-Mesa #2676,13963
9959,Mesa,US,33.39265823364258,-111.8620376586914,"Southern & Longmore, Mesa",14034
9989,Scottsdale,US,33.69892501831055,-111.88884735107422,"Pima & Pinnacle Peak, Scottsdale",14068
9990,Phoenix,US,33.5234489440918,-112.04714965820312,"16th Street & Bethany Home, Phoenix",14069
10045,Peoria,US,33.56416320800781,-112.28844451904297,Safeway-Peoria #1662,14143
10046,Tempe,US,33.418251037597656,-111.93385314941406,Aramark ASU Memorial Union,14144
10191,Scottsdale,US,33.48566818237305,-111.90930938720703,"Hayden & Osborn, Scottsdale",14337
10210,Phoenix,US,33.34807205200195,-111.98188018798828,Safeway-Phoenix #752,14359
10285,Tempe,US,33.418216705322266,-111.93189239501953,Aramark ASU Bookstore,14444
10340,Scottsdale,US,33.58427047729492,-111.92444610595703,Safeway-Scottsdale #2032,14509
10391,Phoenix,US,33.51641082763672,-112.08281707763672,"7th Avenue & Missouri, Phoenix",14588
10443,Phoenix,US,33.524410247802734,-112.13104248046875,"35th Ave & Bethany Home, Phoenix",14649
10455,Mesa,US,33.32305145263672,-111.6895751953125,Super Target Gilbert ST-1959,14665
10461,Chandler,US,33.2852783203125,-111.84099578857422,"Arizona Ave & Loop 202, Chandler",14671
10479,Scottsdale,US,33.50297927856445,-111.92911529541016,Scottsdale Fashion Square,14698
10480,Tempe,US,33.37908172607422,-111.9295654296875,Rural & Baseline - Tempe,14699
10492,Queen Creek,US,33.264854431152344,-111.6837387084961,Safeway-Queen Creek #1819,14713
10524,Fountain Hills,US,33.60958480834961,-111.72554779052734,E. Palisades & Ave of the Fountain,14754
10592,Tempe,US,33.362892150878906,-111.91067504882812,Guadalupe & McClintock,14842
10622,Phoenix,US,33.488399505615234,-112.08187103271484,Safeway-Phoenix #174,14883
10626,Tempe,US,33.42167663574219,-111.95195770263672,"University & Hardy, Tempe",14887
10687,Glendale,US,33.53936767578125,-112.35675048828125,Main Exchange Mall,14967
10865,Chandler,US,33.261104583740234,-111.8603286743164,"Queen Creek & Alma School, Chandler",15199
11131,Avondale,US,33.49335861206055,-112.28665161132812,"Indian School & 107 Ave, Avondale",15565
11162,Phoenix,US,33.51118850708008,-112.01455688476562,Safeway - Phoenix #2042,15602
11178,GOODYEAR,US,33.46221160888672,-112.35576629638672,"Litchfield & McDowell, Goodyear",15623
11186,Scottsdale,US,33.49468994140625,-111.92635345458984,Scottsdale & Indian School,15635
11258,Goodyear,US,33.4857177734375,-112.36407470703125,Safeway-Goodyear #1511,15741
11262,Surprise,US,33.63945770263672,-112.35231018066406,"Bell & Grand, Surprise",15747
11290,Peoria,US,33.68170166015625,-112.23606872558594,Albertsons-Peoria #991,15787
11294,Higley,US,33.32573318481445,-111.68717956542969,"Power & Loop 202, Gilbert",15791
11295,Gilbert,US,33.28139114379883,-111.78892517089844,"Gilbert & Loop 202, Phoenix",15792
11296,Phoenix,US,33.71107482910156,-112.11144256591797,"Happy Valley & I-17, Phoenix",15793
11315,Avondale,US,33.434207916259766,-112.30519104003906,"115th Ave. & Buckeye, Avondale",15818
11405,Chandler,US,33.23371887207031,-111.85984802246094,Safeway-Chandler #1566,15935
11407,Mesa,US,33.383541107177734,-111.87440490722656,Dobson & Freeway,15938
11415,Phoenix,US,33.483299255371094,-112.07504272460938,Park Central Mall - Phoenix,15947
11418,Phoenix,US,33.6019172668457,-111.98306274414062,Paradise Valley Mall,15950
11464,Mesa,US,33.38425064086914,-111.80300903320312,Stapley & Freeway 60,16019
11529,Chandler,US,33.305877685546875,-111.94743347167969,"Chandler & Kyrene, Chandler",16107
11538,Phoenix,US,33.6849479675293,-111.96849060058594,Marriott Desert Ridge - Lobby,16118
11622,Peoria,US,33.610435485839844,-112.22037506103516,"75th Avenue & Thurderbird, Peoria",16225
11827,Phoenix,US,33.6759147644043,-111.97183227539062,Desert Ridge Mall Food Court,16498
11901,Scottsdale,US,33.69989776611328,-111.92469787597656,Scottsdale & Pinnacle Peak,16592
11914,Chandler,US,33.217769622802734,-111.79090881347656,Albertsons-Chandler #1021,16607
12035,Phoenix,US,33.508541107177734,-112.02884674072266,Esplanade,16769
12065,Phoenix,US,33.43565368652344,-112.0086669921875,PHX-T3 Lobby,16806
12089,Phoenix,US,33.45208740234375,-112.06929779052734,"3rd & Van Buren St., Phoenix",16840
12124,Phoenix,US,33.30328369140625,-111.99640655517578,Safeway-Phoenix #1201,16893
12135,Phoenix,US,33.64023208618164,-112.01103210449219,"32nd Street & Bell Rd, Phoenix",16910
12136,Phoenix,US,33.37908935546875,-112.03417205810547,Target S. Mountain Phoenix T-1905,16911
12173,Tempe,US,33.43440246582031,-111.92601013183594,"Rural & Loop 202, Tempe",16966
12271,Phoenix,US,33.507389068603516,-112.04261016845703,Fry's #129 Phoenix,17094
12272,Litchfield Park,US,33.50994873046875,-112.34090423583984,Bashas' Litchfield Park #130,17095
12324,Mesa,US,33.450984954833984,-111.80321502685547,"Stapley & McKellips, Mesa",17165
12346,Mesa,US,33.378662109375,-111.59927368164062,Bashas' Mesa #155,17202
12347,Queen Creek,US,33.232364654541016,-111.68585968017578,Bashas' Queen Creek #46,17203
12421,Surprise,US,33.65578842163086,-112.37409973144531,"Grand & Reems, Surprise",17296
12457,Phoenix,US,33.46544647216797,-112.0829849243164,"701 W. McDowell, Phx",17342
12458,Chandler,US,33.2344970703125,-111.7908935546875,Chandler Heights & Gilbert,17343
12477,Peoria,US,33.70991897583008,-112.27266693115234,Super Target Peoria T-2227,17369
12489,Phoenix,US,33.48044967651367,-112.11167907714844,"I-17 & Thomas, Phoenix",17383
12490,Litchfield Park,US,33.508968353271484,-112.34149169921875,"Dysart & Camelback, Phoenix",17384
12655,Gilbert,US,33.33538818359375,-111.80748748779297,Albertsons-Gilbert #1023,17620
12739,Chandler,US,33.321327209472656,-111.91161346435547,"McClintock & Ray, Chandler",17715
12795,Scottsdale,US,33.49382781982422,-111.90748596191406,Bashas' - Scottsdale #7,17792
12797,Chandler,US,33.234344482421875,-111.79084014892578,Bashas' - Chandler #161,17794
12815,Peoria,US,33.668670654296875,-112.27862548828125,Bashas' Peoria #102,17817
12949,Phoenix,US,33.580780029296875,-111.88182830810547,Fry's #125 Phoenix,17991
13080,Scottsdale,US,33.6723518371582,-111.90573120117188,"Hayden & Thompson Peak, Scottsdale",18189
13094,Glendale,US,33.57920455932617,-112.1524658203125,Target Glendale T-2341,18206
13095,Phoenix,US,33.522361755371094,-112.09332275390625,Super Target Phoenix Spectrum ST-23,18208
13096,Phoenix,US,33.63923645019531,-112.06887817382812,SuperTarget - Deer Valley T-2236,18209
13138,Phoenix,US,33.64200210571289,-112.06499481201172,"7th Street & Bell, Phoenix",18270
13242,Scottsdale,US,33.62367248535156,-111.89201354980469,101 Freeway & Raintree,18407
13251,Phoenix,US,33.495792388916016,-111.97924041748047,Safeway - Phoenix #2716,18418
13407,Chandler,US,33.304237365722656,-111.8631591796875,Safeway - Chandler #1604,18620
13408,Mesa,US,33.41624450683594,-111.87373352050781,Safeway - Mesa #1717,18621
13409,Phoenix,US,33.316673278808594,-112.00542449951172,"Fry's-Phoenix, AZ #27",18622
13426,Phoenix,US,33.50739288330078,-112.23606872558594,Safeway-Phoenix #1654,18644
13449,Glendale,US,33.581363677978516,-112.20240020751953,"67th Ave. & Peoria, Glendale",18672
13541,Phoenix,US,33.71419906616211,-112.10870361328125,USAA Phoenix Campus,18784
13554,Goodyear,US,33.43574142456055,-112.41128540039062,"Fry's-Goodyear, AZ #676",18798
13573,Gilbert,US,33.285606384277344,-111.72087097167969,"Fry's-Gilbert, AZ #670",18818
13753,Mesa,US,33.436134338378906,-111.63253021240234,Bashas - Mesa #110,19024
13856,Phoenix,US,33.58103561401367,-111.97896575927734,"Fry's-Phoenix, AZ #612",19122
13959,Goodyear,US,33.35762405395508,-112.42498016357422,Safeway-Goodyear/Estrella #3151,19253
14607,Chandler,US,33.25031280517578,-111.8413314819336,Target Chandler South T-2747,63176
14744,Phoenix,US,33.712059020996094,-112.20165252685547,"Fry's-Phoenix, AZ #73",66300
14749,Chandler,US,33.31941604614258,-111.92721557617188,Rural & Ray,66368
14769,Scottsdale,US,33.779449462890625,-111.92272186279297,Target Scottsdale T-1327,66378
14770,Peoria,US,33.68156814575195,-112.24107360839844,Fry-s-Peoria #74,66380
15198,Mesa,US,33.364418029785156,-111.87704467773438,Dobson & Guadalupe,70039
15201,Phoenix,US,33.44777297973633,-112.07478332519531,1st & Washington - Cityscape,70052
15221,Phoenix,US,33.531349182128906,-112.0134048461914,32nd St & Lincoln,86960
15314,Phoenix,US,33.43501281738281,-112.00724792480469,PHX T4-S3,87277
15316,Phoenix,US,33.43501281738281,-112.00724792480469,PHX T4 - N4,87279
15437,Phoenix,US,33.43501281738281,-112.00724792480469,PHX-T4 Baggage,88255
15575,Phoenix,US,33.48044967651367,-112.01619720458984,Frys-Phoenix #135,89161
15783,Scottsdale,US,33.630096435546875,-111.8885498046875,Frank Lloyd Wright & Loop 101,90203
16018,Phoenix,US,33.43677520751953,-112.00178527832031,PHX-T4 West Lobby,91350
16036,Laveen,US,33.37762451171875,-112.1694564819336,Frys-Laveen #87,91330
16374,Scottsdale,US,33.46708679199219,-111.91284942626953,Frys Scottsdale #5,113440
16438,Chandler,US,33.250972747802734,-111.84078216552734,"Arizona Ave & Ocotillo, Chandler",113850
16625,Glendale,US,33.71330642700195,-112.14193725585938,Happy Valley & 39th Ave,115367
16721,Phoenix,US,33.50937271118164,-112.084228515625,Fry's-Phoenix #128,116404
16741,Gilbert,US,33.379051208496094,-111.79182434082031,Frys - Gilbert #624,116410
16845,Tempe,US,33.382476806640625,-111.92637634277344,Rural & Lakeshore,116525
16872,Scottsdale,US,33.60964584350586,-111.92630004882812,Scottsdale & Thunderbird,116572
16931,Tempe,US,33.409706115722656,-111.92579650878906,Rural & Vista Del Cerro,1005180
17192,Gilbert,US,33.29756546020508,-111.74372863769531,Santan Village Pkwy & Loop 202,1005480
17325,Phoenix,US,33.487640380859375,-112.0653076171875,7th St. & Osborn,1005596
17328,Phoenix,US,33.49543380737305,-112.02114868164062,28th St & Indian School,1005602
17531,Mesa,US,33.45039367675781,-111.80491638183594,Frys Mesa #622,1005797
17629,Chandler,US,33.297733306884766,-111.90018463134766,Target Chandler T-1838,1005909
17633,Phoenix,US,33.509422302246094,-112.02985382080078,Macys @ Biltmore Fashion Park,1005913
17634,Mesa,US,33.3889045715332,-111.68467712402344,Target Mesa T-639,1005915
17644,Phoenix,US,33.53861618041992,-112.09777069091797,"Fry's-Phoenix, AZ #623",1005925
17666,Phoenix,US,33.63930130004883,-111.9782485961914,Tatum & Bell,1005978
17724,Scottsdale,US,33.67094802856445,-111.90431213378906,Frys-Scottsdale #673,1006009
17725,Scottsdale,US,33.570369720458984,-111.88909149169922,Frys-Scottsdale #621,1006010
17784,Phoenix,US,33.30541229248047,-111.97413635253906,Frys-Phoenix #628,1006091
17851,Tempe,US,33.32200241088867,-111.92816162109375,Frys-Tempe #627,1006158
17865,Mesa,US,33.41556167602539,-111.73457336425781,Frys - Mesa #611,1006174
17869,Scottsdale,US,33.5404052734375,-111.88715362548828,Target Scottsdale T-363,1006179
17871,Fountain Hills,US,33.57361602783203,-111.71849822998047,Target Fountain Hills T-1432,1006181
17933,Phoenix,US,33.64067840576172,-112.01253509521484,Fry's - Phoenix #618,1006268
17978,Phoenix,US,33.63976287841797,-112.11958312988281,Frys-Phoenix #617,1006323
18016,Sun City,US,33.60239791870117,-112.28868865966797,"Fry's-Sun City, AZ #122",1006362
18031,Phoenix,US,33.50913619995117,-112.0824966430664,7th Ave & Camelback Rd,1006380
18285,Buckeye,US,33.43416213989258,-112.5582504272461,Frys-Buckeye #675,1006664
18291,Surprise,US,33.60924530029297,-112.36097717285156,Frys Store #674,1006710
18338,Chandler,US,33.30485534667969,-111.9296646118164,Phoenix Premium Outlets,1006720
18554,Cave Creek,US,33.752498626708984,-111.99055480957031,Fry's #474 Phoenix,1006709
18557,Tempe,US,33.36376953125,-111.90958404541016,Fry's - Tempe #22,1006820
18588,Phoenix,US,33.62480163574219,-111.9446029663086,Fry's #120 Phoenix,1006819
18992,Peoria,US,33.63771438598633,-112.23262023925781,"Bell & 83rd, Peoria",1009965
19322,Chandler,US,33.275718688964844,-111.85874938964844,Fry's - Chandler #69,1007108
19324,Chandler,US,33.219200134277344,-111.73030090332031,Fry's #668 Chandler,1007199
19330,Tempe,US,33.37913513183594,-111.90924072265625,Frys - Tempe #607,1009080
19331,Tempe,US,33.393856048583984,-111.92631530761719,Frys - Tempe #124,1009081
19409,Sun City West,US,33.66984176635742,-112.35603332519531,Frys - Sun City West #86,1006843
19423,Tempe,US,33.33418655395508,-111.91282653808594,McClintock & Warner,1006798
19424,Phoenix,US,33.596343994140625,-112.14981079101562,Frys - Phoenix #127,1006794
19551,Scottsdale,US,33.48918533325195,-111.92729949951172,N Scottsdale Rd & N Goldwater Blvd,1007783
19741,Scottsdale,US,33.54426956176758,-111.9052734375,Hayden & McCormick Pkwy,1006879
20244,Scottsdale,US,33.63893127441406,-111.86442565917969,Basha's Scottsdale #99,1011120
20450,Phoenix,US,33.58158493041992,-112.12745666503906,31st Avenue & Peoria,1011445
20623,Gilbert,US,33.30488204956055,-111.78791809082031,Fry's-Gilbert #72,1007171
20668,Gilbert,US,33.29243087768555,-111.71940612792969,Frys - Gilbert #75,1009141
20877,Peoria,US,33.63805389404297,-112.23075866699219,Target Peoria T-825,1011738
21158,Phoenix,US,33.582252502441406,-111.98117065429688,Shea & 45th Place,1007106
21210,Glendale,US,33.64154052734375,-112.2264404296875,Teavana - Arrowhead Towne Center,1012378
21219,PHOENIX,US,33.509647369384766,-112.0270767211914,Teavana - Biltmore Fashion Park,1012389
21221,SCOTTSDALE,US,33.50225067138672,-111.92955780029297,Teavana - Scottsdale Fashion Square,1012391
21223,CHANDLER,US,33.3052864074707,-111.90261840820312,Teavana - Chandler Fashion Center,1012393
21313,Scottsdale,US,33.62474060058594,-111.92574310302734,Teavana - Kierland Commons,1012494
21461,Gilbert,US,33.3108024597168,-111.74266052246094,Teavana - SanTan Village,1012758
21709,Mesa,US,33.42951202392578,-111.87765502929688,Sheraton @ River View Hotel,1011585
21761,Mesa,US,33.38193893432617,-111.8396987915039,"Country Club & Juanita, Mesa",1009022
21907,Phoenix,US,33.67076110839844,-112.11787414550781,27th Avenue & Loop 101 Phoenix,1009926
21974,Tempe,US,33.407135009765625,-111.96515655517578,"55th St & Broadway, Tempe",1009254
22014,Phoenix,US,33.61159896850586,-112.09912109375,19th Ave & Thunderbird,1009538
22351,Gilbert,US,33.334190368652344,-111.80782318115234,"Fry's - Gilbert, AZ #52",1012951
22465,Mesa,US,33.40681457519531,-111.630859375,Frys Mesa #115,1013533
22852,Phoenix,US,33.48862838745117,-111.96135711669922,56th Street & Indian School,1009251
23152,Gilbert,US,33.33603286743164,-111.80757904052734,Cooper & Warner,1014243
23156,Phoenix,US,33.608726501464844,-112.06697845458984,Safeway - Phoenix #1979,1007652
23249,Mesa,US,33.37847900390625,-111.8592758178711,"Alma School & Baseline Rd, Mesa",1014360
23267,Glendale,US,33.712764739990234,-112.14152526855469,Safeway - Glendale #2821,1007477
23312,Phoenix,US,33.667884826660156,-112.11878204345703,Target Phoenix T-1141,1014366
23448,Glendale,US,33.64204025268555,-112.22527313232422,Arrowhead Towne Center,1014393
23520,Phoenix,US,33.33148956298828,-111.97880554199219,BASHAS 11,1014664
23524,Scottsdale,US,33.5889778137207,-111.83403778076172,Albertsons - Scottsdale #0197,1014726
23550,Queen Creek,US,33.256717681884766,-111.63743591308594,Ellsworth Rd & Rittenhouse Rd,1014697
23799,Phoenix,US,33.60313034057617,-111.97891998291016,Cactus and Tatum,1014903
23979,Chandler,US,33.3051872253418,-111.86312103271484,Chandler & W Parklane,1010175
24070,Phoenix,US,33.55342483520508,-112.10980987548828,24th Avenue & Northern,1014992
24080,Mesa,US,33.404273986816406,-111.63601684570312,Fry's Mesa # 686,1015036
24104,Glendale,US,33.67096710205078,-112.22091674804688,"75th Ave & Loop 101, Glendale",1015111
24112,Chandler,US,33.24867630004883,-111.78755187988281,Gilbert & Ocotillo,1015137
24140,Chandler,US,33.297603607177734,-111.87702178955078,"Dobson & Frye, Chandler",1015251
24184,Mesa,US,33.46780014038086,-111.68407440185547,Bashas - Mesa #73,1015340
24195,Phoenix,US,33.64025115966797,-112.05467987060547,Fry's Phoenix #698,1015370
24210,Tempe,US,33.43039321899414,-111.93515014648438,MARINA HEIGHTS BUILDING A,1015414
24338,Mesa,US,33.306522369384766,-111.67791748046875,ASU Polytechnic Campus,1015493
24342,Avondale,US,33.463287353515625,-112.34085083007812,FRYS - AVONDALE LS #112,1015514
24352,Tempe,US,33.42030715942383,-111.9327621459961,NOBLE LIBRARY,1015623
24388,Litchfield Park,US,33.507164001464844,-112.37498474121094,Fry's Litchfield # 667,1015496
24419,Sun City,US,33.602447509765625,-112.2901611328125,107th Ave & Grand,1015540
24423,Mesa,US,33.37895202636719,-111.68739318847656,Power Rd & Baseline Rd,1015723
24658,Litchfield Park,US,33.508819580078125,-112.35711669921875,Camelback & Litchfield,1015937
24914,TEMPE,US,33.42195129394531,-111.94087982177734,JP MORGAN CHASE TEMPE,1016160
25030,Chandler,US,33.22340393066406,-111.7982177734375,Fry's Chandler #681,1016309
25078,Mesa,US,33.43459701538086,-111.86929321289062,Dobson & Loop 202,1016356
